anglický slovník online překladač	4
auto leasing	1
autobusové spojení	4
chaty a chalupy	0
denní tisk	2
developerské projekty praha	0
digitální domácnost	2
dlouhodobá předpověď počasí	1
dětské fotbalové kopačky	3
garnýže	0
hokej	1
interierové dveře bílé	4
kadeřnictví	0
kaliningrad	2
kalkulačka online	4
katastr nemovitostí	1
kdy dozrává červená jeřabina	0
kurzy men	2
kuře na paprice	1
letiště praha	0
letní čas	3
levné letenky	3
mobilní telefony	4
národní divadlo	3
oprava střechy	3
otevírací doba o velikonocích	0
pošta	1
přání k svátku	3
radarové snímky	1
tv program dnes	0
vlakové spojení	2
výpis z katastru nemovitostí	2
životopis	3
